{"training_loss_depth": 0.8264728943506878, "training_loss_semantic": 0.08814822882413864, "training_loss_normals": 54.16379758726875, "test_metric": -1.2844435145994442, "Images_0": [], "Images_50": [], "Images_100": [], "Images_150": [], "_timestamp": 1674566262.685057, "_runtime": 976.4214768409729, "_step": 9, "_wandb": {"runtime": 975}}