{"training_loss_depth": 0.8256944013091756, "training_loss_semantic": 0.11950045824050903, "training_loss_normals": 52.763168608467545, "test_metric": -0.8808664831580758, "Images_0": [], "Images_50": [], "Images_100": [], "Images_150": [], "_timestamp": 1674561547.6441717, "_runtime": 975.1853637695312, "_step": 9, "_wandb": {"runtime": 974}}