{"training_loss_depth": 0.6337812115561288, "training_loss_semantic": 0.18412068486213684, "training_loss_normals": 53.34697566482257, "depth_test_metric": -0.9621180077219638, "Images_0": {"_type": "images/separated", "width": 384, "height": 288, "format": "png", "count": 7, "filenames": ["media/images/Images_0_28_f20f90b3a68428fe5fc5.png", "media/images/Images_0_28_969d3d1ae5503510993e.png", "media/images/Images_0_28_fd385a609ab8667213d8.png", "media/images/Images_0_28_de865bc82089e6b08f57.png", "media/images/Images_0_28_0b63962e12bd5160ce92.png", "media/images/Images_0_28_a9fe8b7cc3a6dec82ce7.png", "media/images/Images_0_28_c779dba1e5eeb7a8f4a3.png"], "captions": ["RGB_0", "GT_0", "Pred_0", "GT_0_1", "Pred_0_1", "GT_0_2", "Pred_0_2"]}, "Images_50": {"_type": "images/separated", "width": 384, "height": 288, "format": "png", "count": 7, "filenames": ["media/images/Images_50_28_e32b47ad0375090e3d49.png", "media/images/Images_50_28_53e3d0f9c48671fac68e.png", "media/images/Images_50_28_7f3ff039148b9fbae6cb.png", "media/images/Images_50_28_68e5a0f9d9e008fff72a.png", "media/images/Images_50_28_e9122004387e1d456a9c.png", "media/images/Images_50_28_09089e3ca79e8b4c82d1.png", "media/images/Images_50_28_d5102cba0f49912278f0.png"], "captions": ["RGB_50", "GT_50", "Pred_50", "GT_50_1", "Pred_50_1", "GT_50_2", "Pred_50_2"]}, "Images_100": {"_type": "images/separated", "width": 384, "height": 288, "format": "png", "count": 7, "filenames": ["media/images/Images_100_28_2eff6567f00bdc98b5f5.png", "media/images/Images_100_28_4dc5c455793812efba7a.png", "media/images/Images_100_28_0f8ffc2dd24d0a1a2c61.png", "media/images/Images_100_28_015518d56181ec9da4bb.png", "media/images/Images_100_28_b8fed63ac0d6eda5fd96.png", "media/images/Images_100_28_bec1a6b372d2923a8f6c.png", "media/images/Images_100_28_be4c08dbd71bc4c4bd33.png"], "captions": ["RGB_100", "GT_100", "Pred_100", "GT_100_1", "Pred_100_1", "GT_100_2", "Pred_100_2"]}, "Images_150": {"_type": "images/separated", "width": 384, "height": 288, "format": "png", "count": 7, "filenames": ["media/images/Images_150_28_16011dc448130cc6122a.png", "media/images/Images_150_28_a5164e47db09809745e1.png", "media/images/Images_150_28_9791ac36e7930ff22b94.png", "media/images/Images_150_28_ff86adc8eddef4458248.png", "media/images/Images_150_28_d9827d0653db254e62a5.png", "media/images/Images_150_28_e09e693bb5fa3b062d38.png", "media/images/Images_150_28_9e47a73e3f944f0fa643.png"], "captions": ["RGB_150", "GT_150", "Pred_150", "GT_150_1", "Pred_150_1", "GT_150_2", "Pred_150_2"]}, "_timestamp": 1671542377, "_runtime": 812, "_step": 29, "_wandb": {"runtime": 814}}