{"training_loss": 0.4347648024559021, "semantic_test_metric": 0.11403891444206238, "_timestamp": 1671529431, "_runtime": 488, "_step": 29, "_wandb": {"runtime": 489}}