{"training_loss_depth": 0.446792340578523, "training_loss_semantic": 0.1724390685558319, "training_loss_normals": 54.39024778641994, "depth_test_metric": -0.8747511483350378, "Images_0": {"_type": "images/separated", "width": 384, "height": 288, "format": "png", "count": 7, "filenames": ["media/images/Images_0_28_f20f90b3a68428fe5fc5.png", "media/images/Images_0_28_969d3d1ae5503510993e.png", "media/images/Images_0_28_86812d27a44464a79b7d.png", "media/images/Images_0_28_de865bc82089e6b08f57.png", "media/images/Images_0_28_28065e75dbcecc6db954.png", "media/images/Images_0_28_a9fe8b7cc3a6dec82ce7.png", "media/images/Images_0_28_fa96c36c3bba66aaec97.png"], "captions": ["RGB_0", "GT_0", "Pred_0", "GT_0_1", "Pred_0_1", "GT_0_2", "Pred_0_2"]}, "Images_50": {"_type": "images/separated", "width": 384, "height": 288, "format": "png", "count": 7, "filenames": ["media/images/Images_50_28_e32b47ad0375090e3d49.png", "media/images/Images_50_28_53e3d0f9c48671fac68e.png", "media/images/Images_50_28_ecbcb9f7feb74789721b.png", "media/images/Images_50_28_68e5a0f9d9e008fff72a.png", "media/images/Images_50_28_3f581d15a1189099164b.png", "media/images/Images_50_28_09089e3ca79e8b4c82d1.png", "media/images/Images_50_28_0d8465ef664e403a0035.png"], "captions": ["RGB_50", "GT_50", "Pred_50", "GT_50_1", "Pred_50_1", "GT_50_2", "Pred_50_2"]}, "Images_100": {"_type": "images/separated", "width": 384, "height": 288, "format": "png", "count": 7, "filenames": ["media/images/Images_100_28_2eff6567f00bdc98b5f5.png", "media/images/Images_100_28_4dc5c455793812efba7a.png", "media/images/Images_100_28_61fcdd29f2ef58cc4717.png", "media/images/Images_100_28_015518d56181ec9da4bb.png", "media/images/Images_100_28_7364de4960c67d125bb5.png", "media/images/Images_100_28_bec1a6b372d2923a8f6c.png", "media/images/Images_100_28_43204c0a5b70dbb7bc15.png"], "captions": ["RGB_100", "GT_100", "Pred_100", "GT_100_1", "Pred_100_1", "GT_100_2", "Pred_100_2"]}, "Images_150": {"_type": "images/separated", "width": 384, "height": 288, "format": "png", "count": 7, "filenames": ["media/images/Images_150_28_16011dc448130cc6122a.png", "media/images/Images_150_28_a5164e47db09809745e1.png", "media/images/Images_150_28_bb5df1830f5f113a8179.png", "media/images/Images_150_28_ff86adc8eddef4458248.png", "media/images/Images_150_28_06446c6379b45ce8348d.png", "media/images/Images_150_28_e09e693bb5fa3b062d38.png", "media/images/Images_150_28_0c9968b961e7103c045c.png"], "captions": ["RGB_150", "GT_150", "Pred_150", "GT_150_1", "Pred_150_1", "GT_150_2", "Pred_150_2"]}, "_timestamp": 1671624521, "_runtime": 2029, "_step": 29, "_wandb": {"runtime": 2030}}