{"training_loss_depth": 3.549480438232422, "training_loss_semantic": 0.0038676040712743998, "training_loss_normals": 90.86646270751953, "depth_test_metric": -2.7528749123473832, "Images_0": {"_type": "images/separated", "width": 384, "height": 288, "format": "png", "count": 7, "filenames": ["media/images/Images_0_0_f20f90b3a68428fe5fc5.png", "media/images/Images_0_0_0898cee345e4d64df707.png", "media/images/Images_0_0_026da7402cb1cf41944c.png", "media/images/Images_0_0_452ecb4fc3890dd80f0d.png", "media/images/Images_0_0_f71b5c7f9d55cd9ac9a8.png", "media/images/Images_0_0_a9fe8b7cc3a6dec82ce7.png", "media/images/Images_0_0_2431898fd6923fdcd33b.png"], "captions": ["RGB_0", "GT_0", "Pred_0", "GT_0_1", "Pred_0_1", "GT_0_2", "Pred_0_2"]}, "Images_50": {"_type": "images/separated", "width": 384, "height": 288, "format": "png", "count": 7, "filenames": ["media/images/Images_50_0_e32b47ad0375090e3d49.png", "media/images/Images_50_0_e2d0b86535634cadd558.png", "media/images/Images_50_0_a5a91a867728cfd3ddce.png", "media/images/Images_50_0_e8d9c6908d14f1ac3e33.png", "media/images/Images_50_0_f71b5c7f9d55cd9ac9a8.png", "media/images/Images_50_0_09089e3ca79e8b4c82d1.png", "media/images/Images_50_0_486bde05a5a13867001e.png"], "captions": ["RGB_50", "GT_50", "Pred_50", "GT_50_1", "Pred_50_1", "GT_50_2", "Pred_50_2"]}, "Images_100": {"_type": "images/separated", "width": 384, "height": 288, "format": "png", "count": 7, "filenames": ["media/images/Images_100_0_2eff6567f00bdc98b5f5.png", "media/images/Images_100_0_a2e82c21b955972e7e97.png", "media/images/Images_100_0_28400b1541989f483049.png", "media/images/Images_100_0_015518d56181ec9da4bb.png", "media/images/Images_100_0_f71b5c7f9d55cd9ac9a8.png", "media/images/Images_100_0_bec1a6b372d2923a8f6c.png", "media/images/Images_100_0_f37ac47b0a6615f96969.png"], "captions": ["RGB_100", "GT_100", "Pred_100", "GT_100_1", "Pred_100_1", "GT_100_2", "Pred_100_2"]}, "Images_150": {"_type": "images/separated", "width": 384, "height": 288, "format": "png", "count": 7, "filenames": ["media/images/Images_150_0_16011dc448130cc6122a.png", "media/images/Images_150_0_5da7eddd90480bc6e8d6.png", "media/images/Images_150_0_ddc756930df4b2d8351c.png", "media/images/Images_150_0_ff86adc8eddef4458248.png", "media/images/Images_150_0_f71b5c7f9d55cd9ac9a8.png", "media/images/Images_150_0_e09e693bb5fa3b062d38.png", "media/images/Images_150_0_bb74cc6dc7511c25b9d8.png"], "captions": ["RGB_150", "GT_150", "Pred_150", "GT_150_1", "Pred_150_1", "GT_150_2", "Pred_150_2"]}, "_timestamp": 1674492361, "_runtime": 65, "_step": 0, "_wandb": {"runtime": 80}}