{"training_loss": 6.1772250574165035, "depth_test_metric": 0.6429602495114285, "_timestamp": 1671458873, "_runtime": 421, "_step": 27}