{"training_loss": 2.2351410388946533, "test_metric": 2.3045151233673096, "Images_0": [], "Images_50": [], "Images_100": [], "Images_150": [], "_timestamp": 1674509014, "_runtime": 51, "_step": 7}