{"training_loss": 0.11137412488460541, "semantic_test_metric": 0.08434025198221207, "_timestamp": 1671528892, "_runtime": 62, "_step": 2}