{"training_loss_depth": 1.231402007963672, "training_loss_semantic": 0.06283359229564667, "training_loss_normals": 64.87602626392676, "test_metric": -53.97122325069132, "Images_0": [], "Images_50": [], "Images_100": [], "Images_150": [], "_timestamp": 1674559615.5441968, "_runtime": 102.58262991905212, "_step": 0, "_wandb": {"runtime": 142}}