{"training_loss_depth": 3.549480438232422, "training_loss_semantic": 0.0038676040712743998, "training_loss_normals": 90.86646270751953, "test_metric": -2.735654956344286, "Images_0": [], "Images_50": [], "Images_100": [], "Images_150": [], "_timestamp": 1674552684, "_runtime": 63, "_step": 0}